dependency,restimulus,num_obs_train,num_subj_train,num_subj_rerep_train,num_obs_test,num_subj_test,num_subj_rerep_test,num_coeffs_glm,wmae_glm_train,wwmape_glm_train,wmae_glm_test,wwmape_glm_test,num_coeffs_lme,subj_intercept_mean,subj_intercept_var,rand_eff_var,rand_eff_ICC,x_joint_scaled_stand_est,x_joint_scaled_stand_t_val,y_joint_scale,y_joint_center,x_joint_scaled_scale,x_joint_scaled_center,wmae_lme_train,wwmape_lme_train,wmae_lme_test,wwmape_lme_test,x_joint_exp_stand_est,x_joint_exp:x_joint_weight_exp_stand_est,x_joint_weight_exp:x_joint_height_exp_stand_est,x_joint_exp_stand_t_val,x_joint_exp:x_joint_weight_exp_stand_t_val,x_joint_weight_exp:x_joint_height_exp_stand_t_val,x_joint_exp_scale,x_joint_exp:x_joint_weight_exp_scale,x_joint_weight_exp:x_joint_height_exp_scale,x_joint_exp_center,x_joint_exp:x_joint_weight_exp_center,x_joint_weight_exp:x_joint_height_exp_center,x_joint_poly_stand_est,x_joint_poly_stand_t_val,x_joint_poly_scale,x_joint_poly_center,x_joint_exp:x_joint_height_exp_stand_est,x_joint_exp:x_joint_height_exp_stand_t_val,x_joint_exp:x_joint_height_exp_scale,x_joint_exp:x_joint_height_exp_center,x_joint_poly:x_joint_weight_exp_stand_est,x_joint_poly:x_joint_weight_exp_stand_t_val,x_joint_poly:x_joint_weight_exp_scale,x_joint_poly:x_joint_weight_exp_center,x_joint_poly:x_joint_height_exp_stand_est,x_joint_poly:x_joint_height_exp_stand_t_val,x_joint_poly:x_joint_height_exp_scale,x_joint_poly:x_joint_height_exp_center,x_joint_scaled:x_joint_height_exp_stand_est,x_joint_scaled:x_joint_height_exp_stand_t_val,x_joint_scaled:x_joint_height_exp_scale,x_joint_scaled:x_joint_height_exp_center,x_joint_height_stand_est,x_joint_height_stand_t_val,x_joint_height_scale,x_joint_height_center,x_joint_poly:x_joint_weight_poly_stand_est,x_joint_poly:x_joint_weight_poly_stand_t_val,x_joint_poly:x_joint_weight_poly_scale,x_joint_poly:x_joint_weight_poly_center,x_joint_scaled:x_joint_height_poly_stand_est,x_joint_scaled:x_joint_height_poly_stand_t_val,x_joint_scaled:x_joint_height_poly_scale,x_joint_scaled:x_joint_height_poly_center
,0,NA,NA,NA,NA,NA,NA,NA,NA,NA,NA,NA,NA,NA,NA,NA,NA,NA,NA,NA,NA,NA,NA,NA,NA,NA,NA,NA,NA,NA,NA,NA,NA,NA,NA,NA,NA,NA,NA,NA,NA,NA,NA,NA,NA,NA,NA,NA,NA,NA,NA,NA,NA,NA,NA,NA,NA,NA,NA,NA,NA,NA,NA,NA,NA,NA,NA,NA,NA,NA,NA
CMC1_f - MCP1,1,566394,40,144,142230,35,36,4,9.307617706811639,0.831711770203428,9.559852066712477,0.8533554676040623,2,0.04311219033300403,0.7707711646227798,0.7533969751098191,0.6582412276199625,-0.5954178156226161,-506.7544926845377,12.513821375026497,-6.223717366435656,13.016204918302178,24.95495166014454,6.034105925989854,0.5391967181491784,6.7243339822708545,0.60024434789606,NA,NA,NA,NA,NA,NA,NA,NA,NA,NA,NA,NA,NA,NA,NA,NA,NA,NA,NA,NA,NA,NA,NA,NA,NA,NA,NA,NA,NA,NA,NA,NA,NA,NA,NA,NA,NA,NA,NA,NA,NA,NA,NA,NA
MCP1 - IP1,3,334189,24,65,81094,16,16,11,8.395896328179997,0.6288894452009305,8.41131906166153,0.6538607584248095,2,-0.13850506309810884,0.727733267929212,0.7166076165940983,0.6195662845333259,1.0317696623981056,635.7045456138419,12.279213742876314,11.205782852549042,11.271864279799905,0.15083611417009812,6.473288454896561,0.48487768618124,7.198218230885252,0.5595593743681145,NA,NA,NA,NA,NA,NA,NA,NA,NA,NA,NA,NA,NA,NA,NA,NA,NA,NA,NA,NA,NA,NA,NA,NA,NA,NA,NA,NA,NA,NA,NA,NA,NA,NA,NA,NA,NA,NA,NA,NA,NA,NA,NA,NA
MCP1 - IP1,11,514668,36,110,128400,26,27,5,15.359583340685328,0.5457090840440592,14.329919035641408,0.5031957692396319,2,-0.21465326204875015,0.5795296290358026,0.6095534224350898,0.6036573872795304,-0.7914628421568206,-678.226063495582,20.962205368796106,28.973692853953427,11.439460883060226,-7.210751539106877,10.766353458609666,0.38251668382368503,11.648296925836041,0.4090304849140657,NA,NA,NA,NA,NA,NA,NA,NA,NA,NA,NA,NA,NA,NA,NA,NA,NA,NA,NA,NA,NA,NA,NA,NA,NA,NA,NA,NA,NA,NA,NA,NA,NA,NA,NA,NA,NA,NA,NA,NA,NA,NA,NA,NA
CMC1_f - IP1,5,498330,43,152,115832,37,38,12,17.72710493847658,0.6009897016617145,18.24784848766723,0.6115255588601639,5,0.07748644163780385,0.8451701481706977,0.8514149214699914,0.6111896320048418,0.8329029136810806,555.9356974266179,21.982579646473194,28.837657465042483,13.413998186628941,25.264885902303625,12.980016120706956,0.44005245317954905,101.7813318878352,3.41091641057335,-0.5854269259663586,-4.3251606838420305,-2.1698539193991255,-40.338585876900474,-43.281258613363725,-3.9641003756835125,33405017327986744e4,65663175959712815e46,NA,58113575940888216e3,4723859072228701e45,NA,NA,NA,NA,NA,NA,NA,NA,NA,NA,NA,NA,NA,NA,NA,NA,NA,NA,NA,NA,NA,NA,NA,NA,NA,NA,NA,NA,NA,NA,NA,NA,NA
CMC1_f - IP1,10,594735,49,157,130390,38,39,5,15.272067438903902,0.5108951770894933,15.164396731235556,0.5155000572641458,2,0.0650918604868639,0.7567079675442194,0.7455850676532375,0.5960547227402628,0.913282747486417,692.537437029229,20.22096641687489,28.3217572736737,13.430192217882347,23.04574681181265,11.530142601073017,0.3857168827736065,11.94695770771627,0.40612610521950354,NA,NA,NA,NA,NA,NA,NA,NA,NA,NA,NA,NA,NA,NA,NA,NA,NA,NA,NA,NA,NA,NA,NA,NA,NA,NA,NA,NA,NA,NA,NA,NA,NA,NA,NA,NA,NA,NA,NA,NA,NA,NA,NA,NA
MCP2_f - PIP2,1,671616,41,144,160543,34,36,4,14.693033203806996,0.3367816638114303,16.127590911055016,0.36334447025365485,2,0.1625363157098172,0.3982769629610804,0.4150140956966512,0.4865552310984726,0.7876560480014715,792.4860069268941,20.499912884582184,42.32132105843388,15.530516778203857,18.266343920918253,11.088444757266139,0.25416024197547143,12.349692226614502,0.2782307912336169,NA,NA,NA,NA,NA,NA,NA,NA,NA,NA,NA,NA,NA,NA,NA,NA,NA,NA,NA,NA,NA,NA,NA,NA,NA,NA,NA,NA,NA,NA,NA,NA,NA,NA,NA,NA,NA,NA,NA,NA,NA,NA,NA,NA
MCP2_f - PIP2,2,764624,58,220,179946,51,54,17,12.122321556582913,0.17873008057539025,11.6303007081305,0.16903637083377712,2,0.08888539399317727,0.21594199648368598,0.22014170973580868,0.4763011542764889,NA,NA,28.07742136829895,63.29372978790274,NA,NA,11.25782367397391,0.16598402566381637,11.013206823945245,0.1600674444694336,NA,NA,NA,NA,NA,NA,NA,NA,NA,NA,NA,NA,0.7501200100222386,1260.8109993642393,1730.0882375033502,1948.2004472827825,NA,NA,NA,NA,NA,NA,NA,NA,NA,NA,NA,NA,NA,NA,NA,NA,NA,NA,NA,NA,NA,NA,NA,NA,NA,NA,NA,NA
MCP2_f - PIP2,3,621483,48,175,155871,39,43,8,12.362682613322114,0.17794361070579193,12.528125801787645,0.18013078723043585,2,0.05867691677971273,0.30129753502441875,0.29847069821511507,0.5606388630724942,0.8553665799845278,1224.6227090634966,22.62772577425641,68.27949359629187,18.100191095302762,44.30119782424702,8.48574222609706,0.12214044948489952,8.791832506229122,0.12640994635599934,NA,NA,NA,NA,NA,NA,NA,NA,NA,NA,NA,NA,NA,NA,NA,NA,NA,NA,NA,NA,NA,NA,NA,NA,NA,NA,NA,NA,NA,NA,NA,NA,NA,NA,NA,NA,NA,NA,NA,NA,NA,NA,NA,NA
MCP2_f - PIP2,4,279364,40,105,55685,26,26,7,13.114454445973962,0.4985365324442052,14.00304595215647,0.5421210024092518,2,0.005077851877647761,0.2794983457070022,0.2725925480696032,0.4770001154704714,0.9171562818966982,774.9839419578561,26.369220688034034,27.162330588216285,16.854036718175966,17.11637835983958,11.276475855249963,0.42866710119176554,12.48073054078247,0.4831853137300304,NA,NA,NA,NA,NA,NA,NA,NA,NA,NA,NA,NA,NA,NA,NA,NA,NA,NA,NA,NA,NA,NA,NA,NA,NA,NA,NA,NA,NA,NA,NA,NA,NA,NA,NA,NA,NA,NA,NA,NA,NA,NA,NA,NA
MCP2_f - PIP2,5,507409,37,124,94286,27,30,12,14.309248545636548,0.27990745704452397,14.009519867027478,0.26735602923662416,2,0.05143277485755354,0.739286225738298,0.7219884795298669,0.653878584574424,1.2342166699289234,905.46321222794,19.80437652942487,50.71682725472027,18.671524254552082,23.678100556741885,9.707909516286593,0.1898992988524706,10.155775315523366,0.19381162152231277,NA,NA,NA,NA,NA,NA,NA,NA,NA,NA,NA,NA,NA,NA,NA,NA,NA,NA,NA,NA,NA,NA,NA,NA,NA,NA,NA,NA,NA,NA,NA,NA,NA,NA,NA,NA,NA,NA,NA,NA,NA,NA,NA,NA
MCP2_f - PIP2,10,443782,34,108,131510,25,27,4,11.973325271786814,0.24334825533281484,14.469336077468386,0.2810072356572409,3,0.11751374332861256,0.8897377016274436,0.877385779664591,0.7403227116190154,1.3617784907468384,394.82980843595954,15.996926924249465,47.12901654542081,18.097029404394462,34.34529276561496,6.730165121658106,0.13678522075370395,10.109185169308608,0.19632926928818828,NA,NA,NA,NA,NA,NA,NA,NA,NA,NA,NA,NA,-0.47992302424494765,-149.40181615354874,1350.9045048496425,1507.1008704387941,NA,NA,NA,NA,NA,NA,NA,NA,NA,NA,NA,NA,NA,NA,NA,NA,NA,NA,NA,NA,NA,NA,NA,NA,NA,NA,NA,NA
MCP2_f - PIP2,17,662922,31,101,148110,25,25,9,10.07746349340616,0.1736080286926603,10.145616815425884,0.1681672110487021,5,0.16269347515424815,0.5663689738126176,0.5746024197275726,0.7309050768525768,1.4330532544203418,409.52249252075745,18.892552605358755,53.82982713484192,15.571601207031923,45.64161234773875,6.601228096755617,0.11372169173107964,6.641071779175289,0.11007812928437215,0.30118376317060397,NA,NA,18.219401719546273,NA,NA,8735880026101725e21,NA,NA,29576116701198935e19,NA,NA,-0.6308133000674526,-184.2571860995034,1487.7864742853112,2325.6311760854323,0.7395792885521595,18.493078865937683,43386045678403145e98,25515934855106794e96,NA,NA,NA,NA,NA,NA,NA,NA,NA,NA,NA,NA,NA,NA,NA,NA,NA,NA,NA,NA,NA,NA,NA,NA
PIP2 - DIP2,1,431442,37,120,111354,28,29,8,11.402829662521404,0.5918506396320087,11.393801580989287,0.5775548908037801,3,-0.3480217954072692,0.596806485021464,0.7018276767503664,0.737975887296886,0.3254471263780619,117.36474646176366,20.23809634243414,19.973446234518647,20.733384655737673,43.533860903958654,7.784263326646695,0.4040331536375071,8.89761298036864,0.45102241396456866,NA,NA,NA,NA,NA,NA,NA,NA,NA,NA,NA,NA,0.4512302602044156,158.6939797036091,1956.5603246004084,2325.069288124083,NA,NA,NA,NA,NA,NA,NA,NA,NA,NA,NA,NA,NA,NA,NA,NA,NA,NA,NA,NA,NA,NA,NA,NA,NA,NA,NA,NA
PIP2 - DIP2,2,536063,49,162,132473,39,40,5,13.5394789224188,0.42062534486586717,13.867389854724001,0.4332355751378441,2,-0.056547522438914526,0.4950183074641303,0.4881397467499011,0.7735070345607287,NA,NA,27.278025060576795,28.10689749767176,NA,NA,8.21384053607895,0.25517595824464917,8.756408382471493,0.27356176335012106,NA,NA,NA,NA,NA,NA,NA,NA,NA,NA,NA,NA,1.104420660141209,1744.5800025119263,3550.4582551997055,4998.508066228386,NA,NA,NA,NA,NA,NA,NA,NA,NA,NA,NA,NA,NA,NA,NA,NA,NA,NA,NA,NA,NA,NA,NA,NA,NA,NA,NA,NA
PIP2 - DIP2,3,554785,46,153,121252,37,38,4,14.140787210237276,0.47909311289724127,14.211130089678399,0.47976886093014826,3,0.010502469509945907,0.5726095233777653,0.5602778242675142,0.7925503186249413,-0.4141804252906054,-107.31449642703242,24.808138783029516,27.115183327976126,22.75991304744475,70.33390916300752,7.42859154091106,0.25168238464126325,7.819541734975712,0.26398833924614024,NA,NA,NA,NA,NA,NA,NA,NA,NA,NA,NA,NA,1.5193745240638157,386.88754969247816,3122.627967251461,5464.871486357802,NA,NA,NA,NA,NA,NA,NA,NA,NA,NA,NA,NA,NA,NA,NA,NA,NA,NA,NA,NA,NA,NA,NA,NA,NA,NA,NA,NA
PIP2 - DIP2,5,505027,34,116,132946,25,28,5,12.138064610764669,0.5721748370893405,11.524670936494784,0.5415052802362977,2,-0.17648596998736316,0.7231311195771839,0.7329881494620102,0.6721562421512994,NA,NA,18.673526638022686,18.99912769633519,NA,NA,8.497165467771618,0.4005469095074383,8.53989111745571,0.40126057899852097,NA,NA,NA,NA,NA,NA,NA,NA,NA,NA,NA,NA,0.8741061083966322,962.9987377972609,1813.214971579106,2805.479000745161,NA,NA,NA,NA,NA,NA,NA,NA,NA,NA,NA,NA,NA,NA,NA,NA,NA,NA,NA,NA,NA,NA,NA,NA,NA,NA,NA,NA
PIP2 - DIP2,6,486852,29,90,118162,20,22,4,11.001626247473551,0.6224727698244156,13.571443382450832,0.681680756415163,3,-0.379487980921837,0.6828231578312975,0.8033116066877848,0.7639689135293403,0.6854061217099634,178.54012836116038,17.68114358884037,17.715951322302267,20.087596442604717,52.46938951685688,6.667122815657212,0.3772262675052013,9.857169239256528,0.4951162815752925,NA,NA,NA,NA,NA,NA,NA,NA,NA,NA,NA,NA,0.35799196977089787,94.10144965506346,2230.719901577956,3156.5475382949385,NA,NA,NA,NA,NA,NA,NA,NA,NA,NA,NA,NA,NA,NA,NA,NA,NA,NA,NA,NA,NA,NA,NA,NA,NA,NA,NA,NA
PIP2 - DIP2,8,540609,46,166,142162,38,41,11,11.824222166522622,0.35867504818663826,12.456873471757888,0.3748750886162048,2,-0.08898514616113809,0.3776512143704457,0.3773853638981486,0.7543090617556114,NA,NA,27.89788247052896,30.3040738589915,NA,NA,7.698691178041607,0.23353150764336475,9.097041837358343,0.2737648714708975,NA,NA,NA,NA,NA,NA,NA,NA,NA,NA,NA,NA,1.0489470629703161,1855.8797104124171,3856.028964977985,5259.936271220638,NA,NA,NA,NA,NA,NA,NA,NA,NA,NA,NA,NA,NA,NA,NA,NA,NA,NA,NA,NA,NA,NA,NA,NA,NA,NA,NA,NA
PIP2 - DIP2,9,222402,19,55,62955,13,13,9,7.240608813944417,0.6964224401343526,7.73285678181606,0.6270314580920057,3,-0.41888318605735636,0.7682365447948231,0.9033076320844615,0.6612503360551099,0.5053267731429119,74.50870739489642,11.393979191401254,7.839728662950305,17.702027357708733,43.923044641323216,5.705074745933402,0.5487303868785297,7.173025721455424,0.5816366323545655,NA,NA,NA,NA,NA,NA,NA,NA,NA,NA,NA,NA,0.42688713353970786,70.62422385365741,1752.951330263829,2242.5942141486316,NA,NA,NA,NA,NA,NA,NA,NA,NA,NA,NA,NA,NA,NA,NA,NA,NA,NA,NA,NA,NA,NA,NA,NA,NA,NA,NA,NA
PIP2 - DIP2,10,549049,32,117,114404,28,29,5,11.670018187678833,0.5391003281982129,11.784850360142002,0.5684463331405615,3,-0.3332816534112172,0.9794751666307133,1.0599896007145724,0.7905996097740049,0.5493769271649765,144.07309434297298,18.120753957162616,20.231711592839186,16.988665688071507,46.677935459276064,7.460468619428866,0.3446388014624452,8.310148490230201,0.4008428866523181,NA,NA,NA,NA,NA,NA,NA,NA,NA,NA,NA,NA,0.5279627871197407,137.17770346329436,1710.2113128317903,2467.443894938362,NA,NA,NA,NA,NA,NA,NA,NA,NA,NA,NA,NA,NA,NA,NA,NA,NA,NA,NA,NA,NA,NA,NA,NA,NA,NA,NA,NA
PIP2 - DIP2,11,537349,39,133,149018,31,33,7,11.786392102126168,0.5981708177797966,10.810245130284114,0.5586241455731927,2,-0.2931087537235819,0.5835264005941467,0.6545035000644186,0.7171579084344963,0.7744455371230071,839.4986216977255,19.70607614274576,20.51237243209576,18.930769264108662,42.38421467253329,7.974437459565833,0.4047104266675343,8.069033469399304,0.4169708339746237,NA,NA,NA,NA,NA,NA,NA,NA,NA,NA,NA,NA,NA,NA,NA,NA,NA,NA,NA,NA,NA,NA,NA,NA,NA,NA,NA,NA,NA,NA,NA,NA,NA,NA,NA,NA,NA,NA,NA,NA,NA,NA,NA,NA
PIP2 - DIP2,12,245651,23,65,56431,16,16,8,8.223072711509838,0.5499466124254593,7.325448009809092,0.6128589932080546,5,-0.28506949841738094,0.8464987177897657,0.890984204683161,0.8228285037539499,NA,NA,14.982825822329197,16.07708604089354,NA,NA,4.687047805402047,0.31346263778613254,12.806162038992003,1.0713845164918974,-8.478618287298929,NA,NA,-12.835489532842367,NA,NA,42938652218887233e29,NA,NA,2685437926155505e28,NA,NA,1.516432271223711,669.817504461087,2537.6985493897005,2698.1292939211567,-15.804339409188547,-12.8328617536478,4872187396061926e109,30942802305426005e107,0.7221269084019077,185.2235571424308,22859587646965193e32,8596668349495553e32,NA,NA,NA,NA,NA,NA,NA,NA,NA,NA,NA,NA,NA,NA,NA,NA,NA,NA,NA,NA
PIP2 - DIP2,13,293457,19,57,62625,12,14,4,11.515421094999253,0.7009381946315907,12.701314350025399,0.7502658036183917,2,-0.5385885929722364,0.8673224736350998,1.111746769023795,0.8385315732988906,0.8189056191213335,670.6247850999634,18.184402429425305,17.728811928129005,20.0895538354699,34.36488857907919,6.5128672359252056,0.3964351250869257,7.488755860427174,0.442360316333254,NA,NA,NA,NA,NA,NA,NA,NA,NA,NA,NA,NA,NA,NA,NA,NA,NA,NA,NA,NA,NA,NA,NA,NA,NA,NA,NA,NA,NA,NA,NA,NA,NA,NA,NA,NA,NA,NA,NA,NA,NA,NA,NA,NA
PIP2 - DIP2,14,430641,27,81,96628,19,20,4,10.458577859982546,0.7417735179236312,10.840117460528697,0.7990132636426571,2,-0.4029839490852962,0.5596249151969883,0.7013331707957304,0.6914308316577825,0.7552048547194088,584.9089342901567,16.01809788809596,15.342171638178373,17.153940157444666,52.517423761448526,6.3127410368335095,0.44773048394561354,8.265351163221773,0.6092300412911174,NA,NA,NA,NA,NA,NA,NA,NA,NA,NA,NA,NA,NA,NA,NA,NA,NA,NA,NA,NA,NA,NA,NA,NA,NA,NA,NA,NA,NA,NA,NA,NA,NA,NA,NA,NA,NA,NA,NA,NA,NA,NA,NA,NA
PIP2 - DIP2,15,349322,24,65,74846,15,16,6,12.555756575481016,0.6321906038448033,14.088959750582108,0.6702656710553593,2,-0.5904511376375993,1.195654212462172,1.4945082176523656,0.823418660043041,1.0013649400624354,647.2857920495627,18.371336734746603,20.724448629611835,16.462903377415795,49.53210113004682,7.548323268579812,0.3800630425169289,10.644919474299048,0.5064195101044648,NA,NA,NA,NA,NA,NA,NA,NA,NA,NA,NA,NA,NA,NA,NA,NA,NA,NA,NA,NA,NA,NA,NA,NA,NA,NA,NA,NA,NA,NA,NA,NA,NA,NA,NA,NA,NA,NA,NA,NA,NA,NA,NA,NA
PIP2 - DIP2,16,186015,16,48,54492,12,12,8,6.462900934130206,0.665902780312723,7.032270925333224,0.6401091671332001,4,-0.8323790100918206,1.5793440883944674,2.1735374667727494,0.894709466451478,0.5678142602953228,126.83011395892163,9.903532913371217,10.24015970956045,14.879270988890415,36.12779696652448,3.6677348730374706,0.3779038042355947,5.730140972019304,0.5215833980374267,NA,NA,NA,NA,NA,NA,NA,NA,NA,NA,NA,NA,0.5683902032678679,142.61901049724304,1124.990140823821,1526.6092286278724,NA,NA,NA,NA,0.5410823872192049,138.9981885233967,17000251127308378e32,7201638861895613e32,NA,NA,NA,NA,NA,NA,NA,NA,NA,NA,NA,NA,NA,NA,NA,NA,NA,NA,NA,NA
PIP2 - DIP2,17,464041,26,73,97365,18,18,5,9.649698763494463,0.45090045156451963,11.4512736165678,0.5242159108394591,3,-0.01773950374335288,1.6111402209932932,1.5495133297882415,0.9410518090969977,NA,NA,18.90027867832865,18.84567296986065,NA,NA,4.389262511041574,0.20509660423297613,9.467856615970819,0.43341913273801613,NA,NA,NA,NA,NA,NA,NA,NA,NA,NA,NA,NA,1.3903887600147142,1672.0524030182594,2538.8058825091484,3551.6991127901592,NA,NA,NA,NA,NA,NA,NA,NA,0.5793780075877241,423.301081295008,19640163726180863e67,5786181851012248e67,NA,NA,NA,NA,NA,NA,NA,NA,NA,NA,NA,NA,NA,NA,NA,NA
PIP2 - DIP2,18,192338,22,57,49815,13,14,7,7.155125099766181,0.574322314395336,10.21788486182937,0.6098220313693788,3,-0.5333503409857233,1.0201014055002848,1.258178345649245,0.8916042936591516,NA,NA,13.633741861547708,11.655614967887038,NA,NA,4.0169043070359995,0.32242591794752795,10.252744140586337,0.6119024967955512,NA,NA,NA,NA,NA,NA,NA,NA,NA,NA,NA,NA,1.1104208556568131,898.9377153497451,1950.8558749462468,2448.342660503805,NA,NA,NA,NA,NA,NA,NA,NA,NA,NA,NA,NA,0.36389379162975105,218.8137899819205,2110474926811822e67,9148086662291806e66,NA,NA,NA,NA,NA,NA,NA,NA,NA,NA,NA,NA
PIP2 - DIP2,19,223250,20,53,56431,13,13,4,5.313559436864837,0.7481286527546877,6.0930274121248615,0.721520702959913,2,-0.4879150018718428,1.3182465507444259,1.4903709440001105,0.8089535910319072,1.3286486079289026,600.3548045476741,7.564531114240298,6.27646077374852,20.53607564665822,51.9873892024047,3.3524618249741294,0.47201368091014645,6.171543813269911,0.7308184141166566,NA,NA,NA,NA,NA,NA,NA,NA,NA,NA,NA,NA,NA,NA,NA,NA,NA,NA,NA,NA,NA,NA,NA,NA,NA,NA,NA,NA,NA,NA,NA,NA,NA,NA,NA,NA,NA,NA,NA,NA,NA,NA,NA,NA
PIP2 - DIP2,20,455457,32,101,103328,24,25,5,13.893687383710953,0.4854744317027475,14.140582708866166,0.45937521630625555,3,-0.27051461570563606,0.3867711993929437,0.4478749540538078,0.7318227941272748,0.3561374655110533,139.00461158516026,29.21621058707686,29.643115366414904,26.468946222409336,49.64020879224766,9.24009762814766,0.3228682941406979,9.942388071940531,0.32299140461055553,NA,NA,NA,NA,NA,NA,NA,NA,NA,NA,NA,NA,0.6377076289519904,250.44441816843963,3020.2661484466676,3164.753904816283,NA,NA,NA,NA,NA,NA,NA,NA,NA,NA,NA,NA,NA,NA,NA,NA,NA,NA,NA,NA,NA,NA,NA,NA,NA,NA,NA,NA
PIP2 - DIP2,21,372659,33,114,111748,26,28,5,10.74081405871662,0.7425146403518501,9.862297517513877,0.7127244046805418,3,-0.0823083622400255,1.1566071469377561,1.1284027979027693,0.5249197786099496,0.6779164344854789,99.14679696915005,11.279576598541166,12.31339254563922,20.178282080110016,48.69063736586422,8.14818733249445,0.5632858323058548,9.653067031573066,0.6976038231661061,NA,NA,NA,NA,NA,NA,NA,NA,NA,NA,NA,NA,0.35358954562224615,57.582549475565294,2090.445209468365,2777.9401422097326,NA,NA,NA,NA,NA,NA,NA,NA,NA,NA,NA,NA,NA,NA,NA,NA,NA,NA,NA,NA,NA,NA,NA,NA,NA,NA,NA,NA
MCP2_f - DIP2,2,526232,50,164,122100,39,41,5,15.913514690097045,0.49012887463395094,15.070985147878309,0.5038142045983405,2,-0.06092762690304281,0.5500716139839228,0.5428023174868871,0.7354192995565364,0.9323295186036238,1374.642666456863,27.829823465269733,29.114072344144066,19.686871341081883,41.1972049836867,9.59179012889468,0.29542268902580937,10.324247652691602,0.3451335508713822,NA,NA,NA,NA,NA,NA,NA,NA,NA,NA,NA,NA,NA,NA,NA,NA,NA,NA,NA,NA,NA,NA,NA,NA,NA,NA,NA,NA,NA,NA,NA,NA,NA,NA,NA,NA,NA,NA,NA,NA,NA,NA,NA,NA
MCP2_f - DIP2,3,548444,45,158,133304,36,39,5,15.400656848883918,0.509965618382768,16.10932916127838,0.5332492390857017,2,0.04641541577268554,0.5727891315483433,0.5622784382619915,0.6336531429756433,0.9503055003224722,968.5384078952741,24.911173325835584,27.08298609972571,17.708442506181907,43.982545710884665,11.167861622648127,0.36980406188452064,13.782800925665251,0.4562367577507153,NA,NA,NA,NA,NA,NA,NA,NA,NA,NA,NA,NA,NA,NA,NA,NA,NA,NA,NA,NA,NA,NA,NA,NA,NA,NA,NA,NA,NA,NA,NA,NA,NA,NA,NA,NA,NA,NA,NA,NA,NA,NA,NA,NA
MCP2_f - DIP2,5,376223,35,116,92724,28,29,4,16.142467547853133,0.6920470708770652,16.21703542605416,0.7118954368942927,2,0.04804037458556784,0.8219330460548292,0.8008792509739934,0.6266584441507792,1.07717058245803,563.8079028061668,20.68060290955166,22.759208752974466,20.15064433161913,26.99152443055132,11.073818114821359,0.47474795083647087,11.863444156349615,0.5207814831055392,NA,NA,NA,NA,NA,NA,NA,NA,NA,NA,NA,NA,NA,NA,NA,NA,NA,NA,NA,NA,NA,NA,NA,NA,NA,NA,NA,NA,NA,NA,NA,NA,NA,NA,NA,NA,NA,NA,NA,NA,NA,NA,NA,NA
MCP2_f - DIP2,10,393377,34,105,109427,24,26,5,13.43947068182467,0.6026655477810303,14.110996282359073,0.6266604569847782,2,-0.11611133930418173,1.1916904054233586,1.1701264528860513,0.8031095518338338,1.029038292928275,798.899692285962,18.72425352632091,22.65628319168312,16.920102182800793,38.15059506832084,7.712851269591567,0.3458670244824645,9.494498036149714,0.4216446776059932,NA,NA,NA,NA,NA,NA,NA,NA,NA,NA,NA,NA,NA,NA,NA,NA,NA,NA,NA,NA,NA,NA,NA,NA,NA,NA,NA,NA,NA,NA,NA,NA,NA,NA,NA,NA,NA,NA,NA,NA,NA,NA,NA,NA
MCP2_f - DIP2,17,598401,28,102,143697,24,25,4,12.812907249937,0.645924479071863,11.432979709445428,0.6182949497602936,3,-0.11576420332753007,0.793034430245526,0.7782040235880849,0.6672455949803133,1.7070938226563042,314.0658760582593,17.80797331483416,17.53613496346275,15.592959362013067,46.15647548041006,8.451658552917323,0.4260651420943688,9.5483563531680975,0.5163746163913918,NA,NA,NA,NA,NA,NA,NA,NA,NA,NA,NA,NA,-0.9434731715716297,-177.7167195913949,1514.971648078674,2373.5602041222774,NA,NA,NA,NA,NA,NA,NA,NA,NA,NA,NA,NA,NA,NA,NA,NA,NA,NA,NA,NA,NA,NA,NA,NA,NA,NA,NA,NA
MCP3_f - PIP3,1,143121,18,61,62171,14,15,7,7.3676508033600445,0.5658305024441944,6.787054515900586,0.5295895133725758,2,-0.5187362053631767,0.6180027431741381,0.8528083269254307,0.7566432904112038,0.6517605090351953,411.54818193631496,13.822003652495557,16.568014766150988,14.417881879423126,36.99068937627369,5.552832262027673,0.42645368960463587,6.109938043865105,0.4767545490914256,NA,NA,NA,NA,NA,NA,NA,NA,NA,NA,NA,NA,NA,NA,NA,NA,NA,NA,NA,NA,NA,NA,NA,NA,NA,NA,NA,NA,NA,NA,NA,NA,NA,NA,NA,NA,NA,NA,NA,NA,NA,NA,NA,NA
MCP3_f - PIP3,2,446135,26,98,110467,21,24,5,10.341872855707363,0.4624653114030773,10.559979067057625,0.4921456231977834,2,-0.3228250819752631,0.6443509394256696,0.7237994815874981,0.7988560849099168,NA,NA,19.643432791914314,17.958984250594273,NA,NA,6.268588096278719,0.2803171714109102,6.366169686497757,0.2966940112142912,NA,NA,NA,NA,NA,NA,NA,NA,NA,NA,NA,NA,0.9932651784942322,1389.8257605534068,2099.9257533695277,2600.936181524864,NA,NA,NA,NA,NA,NA,NA,NA,NA,NA,NA,NA,NA,NA,NA,NA,NA,NA,NA,NA,NA,NA,NA,NA,NA,NA,NA,NA
MCP3_f - PIP3,3,499388,33,124,134662,28,31,5,11.789250440864551,0.4997381904311301,10.368397658214482,0.44616342322127334,4,-0.020123338597355156,0.4591798023966003,0.45960496423586467,0.6637278790624588,0.3759637224997585,79.24721875514504,20.205482940380136,20.016385430128654,20.220323407734565,52.503043864382015,7.573131953093456,0.32101983727623273,7.837118401516461,0.3372397249290269,NA,NA,NA,NA,NA,NA,NA,NA,NA,NA,NA,NA,0.6846505752727197,148.50533992382728,2183.6546542225974,3165.4302750135153,NA,NA,NA,NA,NA,NA,NA,NA,NA,NA,NA,NA,NA,NA,NA,NA,0.6485553593284701,5.542501761564653,6.935691708429537,178.6981965926294,NA,NA,NA,NA,NA,NA,NA,NA
MCP3_f - PIP3,4,385935,43,122,88401,29,30,5,13.520983328275989,0.4378525206110584,14.083604963126211,0.4601732463791482,2,-0.22710633656538137,0.44772407883623494,0.48894279397991997,0.5489081815026697,NA,NA,22.596070533653776,30.499698148408037,NA,NA,10.460949013543384,0.33875885964484503,10.721259375934864,0.3503106445554322,NA,NA,NA,NA,NA,NA,NA,NA,NA,NA,NA,NA,0.6169485640272558,533.7118068193558,2132.907305920654,3948.7389044966044,NA,NA,NA,NA,NA,NA,NA,NA,NA,NA,NA,NA,NA,NA,NA,NA,NA,NA,NA,NA,NA,NA,NA,NA,NA,NA,NA,NA
MCP3_f - PIP3,5,504645,31,110,124355,25,27,6,11.104141100537717,0.6247220947662939,10.678055418675465,0.6242768265246227,2,-0.25314156854286834,1.0445217647450484,1.0749135895265023,0.7083652615765418,0.9280304915629853,613.6688576500296,15.142398933104213,16.952324488723516,17.827311680892,41.980597820506134,7.90169913503238,0.4445518110006183,7.655010578714714,0.4475389500914595,NA,NA,NA,NA,NA,NA,NA,NA,NA,NA,NA,NA,NA,NA,NA,NA,NA,NA,NA,NA,NA,NA,NA,NA,NA,NA,NA,NA,NA,NA,NA,NA,NA,NA,NA,NA,NA,NA,NA,NA,NA,NA,NA,NA
MCP3_f - PIP3,6,155486,12,36,32538,9,9,10,7.219837225352505,0.5674103434745384,7.6590392819593625,0.5006556901137327,4,0.0937493546227135,1.4744423081048936,1.3603829321725212,0.9485664705252037,0.746884833312548,221.66412881083696,10.361983821105335,10.019116514953406,21.426249021279336,36.42395412770165,2.0611663815791323,0.1619880182925988,5.998767316400221,0.392127116738816,NA,NA,NA,NA,NA,NA,NA,NA,NA,NA,NA,NA,0.8498348446272825,263.51903814408973,1821.6176091505763,1785.7856288433331,NA,NA,NA,NA,NA,NA,NA,NA,NA,NA,NA,NA,NA,NA,NA,NA,NA,NA,NA,NA,0.30955502223884673,209.3860336168474,10415667.234485539,11336420.968408853,NA,NA,NA,NA
MCP3_f - PIP3,8,369856,19,67,72469,15,16,5,8.713113424122644,0.29535886970344516,9.01610331576618,0.29120740104986126,2,-0.31353769093459005,0.29453587985526447,0.37733896215852214,0.8400407939024547,NA,NA,24.699842828222373,29.444060028162514,NA,NA,4.978184892146272,0.16875151181302855,4.92483751357472,0.159065294916608,NA,NA,NA,NA,NA,NA,NA,NA,NA,NA,NA,NA,0.9371795418895843,1950.2153144309898,2548.602371035282,3156.6891623312854,NA,NA,NA,NA,NA,NA,NA,NA,NA,NA,NA,NA,NA,NA,NA,NA,NA,NA,NA,NA,NA,NA,NA,NA,NA,NA,NA,NA
MCP3_f - PIP3,9,353399,23,73,78430,17,18,6,10.224082071980051,0.49140055704520863,10.30012733920233,0.4226470480719749,2,-0.28127473889786614,1.78351139299667,1.7851908595755748,0.902581066632423,NA,NA,13.778089788795743,18.36545061444636,NA,NA,4.521075166837922,0.21729665702861048,6.25693292837414,0.25674189697604877,NA,NA,NA,NA,NA,NA,NA,NA,NA,NA,NA,NA,0.9828622912470383,941.4356578043415,2096.5344505520475,3394.688098212651,NA,NA,NA,NA,NA,NA,NA,NA,NA,NA,NA,NA,NA,NA,NA,NA,NA,NA,NA,NA,NA,NA,NA,NA,NA,NA,NA,NA
MCP3_f - PIP3,10,321475,22,80,80411,17,19,7,7.383715902713547,0.5047492630332742,7.787771250065104,0.5426962554507285,2,-0.3818764391388866,1.2781573814379914,1.3659514072476773,0.8053630648313419,0.8941149289966858,601.0609060421938,11.78773454545778,13.78603746715244,15.746303204514513,38.231522182177,5.134235022396981,0.35097522412016335,6.287769252468263,0.4381675730940642,NA,NA,NA,NA,NA,NA,NA,NA,NA,NA,NA,NA,NA,NA,NA,NA,NA,NA,NA,NA,NA,NA,NA,NA,NA,NA,NA,NA,NA,NA,NA,NA,NA,NA,NA,NA,NA,NA,NA,NA,NA,NA,NA,NA
MCP3_f - PIP3,11,220009,22,56,64767,14,14,5,8.78002723924723,0.4976747542625167,8.32923761501107,0.49701972022810254,4,-0.22892335028864857,1.036275946762122,1.0912239532730261,0.8022364397193442,0.39373680933706207,54.2087990055709,15.09361198409279,18.618798302496085,21.790258686229915,42.76815604135028,5.557572990896055,0.3150176755917821,6.402875871795638,0.3820704512883448,NA,NA,NA,NA,NA,NA,NA,NA,NA,NA,NA,NA,0.736741827436127,101.32709466261036,2055.440990780619,2303.928386626693,NA,NA,NA,NA,NA,NA,NA,NA,NA,NA,NA,NA,NA,NA,NA,NA,0.7793239693511057,3.953152416653605,7.345547639850561,183.04512088141848,NA,NA,NA,NA,NA,NA,NA,NA
MCP3_f - PIP3,12,176516,17,52,44626,12,13,6,6.306573956387692,0.6928853470104787,5.6890946857715265,0.6927484489747536,2,0.22154071659043337,1.3367611849671754,1.3072405678264427,0.918818783647132,NA,NA,10.430074075801466,9.95202464318272,NA,NA,2.482706554283437,0.2727679092144018,4.00195961675778,0.48730975146225386,NA,NA,NA,NA,NA,NA,NA,NA,NA,NA,NA,NA,1.0743258694677134,643.7252133764016,2066.7360386628793,3554.36396664731,NA,NA,NA,NA,NA,NA,NA,NA,NA,NA,NA,NA,NA,NA,NA,NA,NA,NA,NA,NA,NA,NA,NA,NA,NA,NA,NA,NA
MCP3_f - PIP3,13,193311,18,52,28849,12,13,5,8.722673043910378,0.5712606791290825,9.49181130750482,0.5607051106596719,3,-0.1575606171327843,2.23087407534926,2.1318078522998056,0.9031240262702648,0.9101743123607381,125.32837097192736,11.007183329379972,15.20320390500028,20.698393631153955,49.46480760192617,3.7935698133175535,0.24844646325386663,10.164231939670005,0.6004266846304822,NA,NA,NA,NA,NA,NA,NA,NA,NA,NA,NA,NA,0.3274104309839781,46.88675800016273,2075.605409039749,2875.188473766136,NA,NA,NA,NA,NA,NA,NA,NA,NA,NA,NA,NA,NA,NA,NA,NA,NA,NA,NA,NA,NA,NA,NA,NA,NA,NA,NA,NA
MCP3_f - PIP3,14,307306,21,61,69111,15,15,4,6.2811809336571445,0.8680000777352117,7.025874221566739,0.9014920686575509,2,-0.6430338692599503,1.3728376247504013,1.7210507679840146,0.8133836674223047,NA,NA,7.782256828999772,7.78002841654307,NA,NA,3.701476107227926,0.5115091545274443,4.939576932116199,0.6337986258219059,NA,NA,NA,NA,NA,NA,NA,NA,NA,NA,NA,NA,0.5983404434581466,459.6132930311474,1600.8586680254186,1657.9628183450482,NA,NA,NA,NA,NA,NA,NA,NA,NA,NA,NA,NA,NA,NA,NA,NA,NA,NA,NA,NA,NA,NA,NA,NA,NA,NA,NA,NA
MCP3_f - PIP3,16,243727,16,45,61418,10,11,6,5.61029411626179,0.3955717715532147,5.392687533274349,0.34274575431576326,3,-0.4101320250455036,1.468757839124162,1.5451787402424277,0.8895396125319335,-0.5715182147340686,-80.3120635922517,11.02236526937267,14.462822254867623,19.128253300191478,42.48796450164379,3.4412118497403528,0.24263367293811713,4.235393286593869,0.269191021708634,NA,NA,NA,NA,NA,NA,NA,NA,NA,NA,NA,NA,1.5469714305514344,220.9341177103194,1789.5547508662253,2171.115700580088,NA,NA,NA,NA,NA,NA,NA,NA,NA,NA,NA,NA,NA,NA,NA,NA,NA,NA,NA,NA,NA,NA,NA,NA,NA,NA,NA,NA
MCP3_f - PIP3,17,247200,20,54,64805,13,13,5,6.110598360659583,0.4338660711580726,5.931810235458771,0.40680878068285353,3,-0.6209872612037068,2.5424440626900027,2.8009849248982555,0.9521299936005041,0.5284416289632251,118.5699349508038,8.843071067186319,11.7167546789619,17.49606320253154,46.25680697353109,2.4954280400105633,0.17718093968463786,3.1114575118065924,0.21338650197508374,NA,NA,NA,NA,NA,NA,NA,NA,NA,NA,NA,NA,0.5849001493061895,141.62333884894232,1734.9387990620778,2445.803180655417,NA,NA,NA,NA,NA,NA,NA,NA,NA,NA,NA,NA,NA,NA,NA,NA,NA,NA,NA,NA,NA,NA,NA,NA,NA,NA,NA,NA
MCP3_f - PIP3,19,344960,19,62,91655,12,15,6,4.864281672874378,0.7341581079998644,5.656538721516839,0.654954813062428,3,-0.3061535833940385,0.924090743193973,0.9691950606668799,0.8550221176496985,NA,NA,8.043394780379352,6.535040375705666,NA,NA,2.475646528308427,0.3736452971945906,4.021489908884839,0.46563707970159784,NA,NA,NA,NA,NA,NA,NA,NA,NA,NA,NA,NA,0.562843218850322,472.73925372365136,1298.9782786225912,1343.8742255546906,NA,NA,NA,NA,NA,NA,NA,NA,NA,NA,NA,NA,0.4086781631736883,332.42820266221827,15973256842753136e66,846919223675974e67,NA,NA,NA,NA,NA,NA,NA,NA,NA,NA,NA,NA
MCP3_f - PIP3,20,307676,20,73,80525,18,18,9,6.655173800199944,0.3020715204126128,7.97572603583999,0.34781475477484014,4,-0.2636744218141059,0.7957273981083697,0.825542363047487,0.830926265821708,NA,NA,19.9681865094622,21.72692301594352,NA,NA,6.437084396526234,0.2921726658174678,7.938085028946678,0.3461732618846325,2.7266173828958826,NA,NA,60.5593996492738,NA,NA,627744040399218e23,NA,NA,5967051517697808e21,NA,NA,0.8331051030427266,1091.1806777127438,1728.7214583627058,1854.874429390103,6.997863970000054,61.977239952820895,10454277485300704e102,13461727583237811e100,NA,NA,NA,NA,NA,NA,NA,NA,NA,NA,NA,NA,NA,NA,NA,NA,NA,NA,NA,NA,NA,NA,NA,NA
MCP3_f - PIP3,21,243285,20,65,52037,16,16,5,8.95133735793351,0.4644964131505129,11.311700827944614,0.6495176319787107,3,-0.00372042909572975,1.0060341220003866,0.9557019548493151,0.7656117613189865,-0.3576877840955709,-59.180141896297854,11.893960941067728,14.160273829160108,16.79209566882481,51.212671774728896,4.772003578304003,0.2476254057947088,7.705573750758875,0.4424538883901538,NA,NA,NA,NA,NA,NA,NA,NA,NA,NA,NA,NA,1.3032404370853037,236.69033452308605,1704.8724697902478,2904.711068227638,NA,NA,NA,NA,NA,NA,NA,NA,NA,NA,NA,NA,NA,NA,NA,NA,NA,NA,NA,NA,NA,NA,NA,NA,NA,NA,NA,NA
MCP3_f - PIP3,22,372208,26,97,106412,24,24,6,10.15910810832319,0.43042262558046984,10.732246636152919,0.47351821116209963,2,-0.19417080158861955,0.9712049247763683,0.97160253405601,0.8108691123848321,NA,NA,15.391387217856359,22.99648312072691,NA,NA,5.508210878978263,0.23337270983840855,5.788533574254053,0.25539629830153293,NA,NA,NA,NA,NA,NA,NA,NA,NA,NA,NA,NA,0.9359682852723719,918.89980539527,1877.449537250482,3419.6911271105464,NA,NA,NA,NA,NA,NA,NA,NA,NA,NA,NA,NA,NA,NA,NA,NA,NA,NA,NA,NA,NA,NA,NA,NA,NA,NA,NA,NA
MCP3_f - PIP3,23,258899,23,62,61502,14,15,5,11.029671083878965,0.360548481155804,12.417534184116528,0.4012758236464911,2,-0.07279817224526325,0.6553388434508478,0.6321722069980765,0.752029691996942,NA,NA,17.81012675535463,28.39563509937924,NA,NA,5.788427189170066,0.18921766709676519,9.214680872206939,0.2977747918233319,NA,NA,NA,NA,NA,NA,NA,NA,NA,NA,NA,NA,0.8105613668942496,758.3296993895282,2057.3613683207986,4164.750753111016,NA,NA,NA,NA,NA,NA,NA,NA,NA,NA,NA,NA,NA,NA,NA,NA,NA,NA,NA,NA,NA,NA,NA,NA,NA,NA,NA,NA
MCP3_f - DIP3,2,571438,32,119,130611,28,29,7,11.714621302933546,0.34297559695318214,11.892848252745047,0.34294442411350495,2,0.00556040729793978,0.41944711875105883,0.40637545608117287,0.56366132131561,NA,NA,17.77651858724376,32.199319585138184,NA,NA,7.716644862086869,0.2259245783205292,6.94543791552773,0.20027996284296168,NA,NA,NA,NA,NA,NA,NA,NA,NA,NA,NA,NA,0.5615157004883735,665.3029509990079,2394.164372334894,3040.769027320676,NA,NA,NA,NA,NA,NA,NA,NA,NA,NA,NA,NA,NA,NA,NA,NA,NA,NA,NA,NA,NA,NA,NA,NA,NA,NA,NA,NA
MCP3_f - DIP3,3,502223,33,116,124670,27,29,4,10.402166275297352,0.35316097817856834,11.056371904471574,0.39726436429622364,2,0.02293079378873257,0.4371249559200839,0.4244295127086601,0.6001979082234391,NA,NA,16.150427074241886,27.36489071542749,NA,NA,6.383054097883374,0.21670924779663478,7.375719460892072,0.2650155519527647,NA,NA,NA,NA,NA,NA,NA,NA,NA,NA,NA,NA,0.5957339025491263,668.1887049080559,2259.3167365200543,3314.523311171028,NA,NA,NA,NA,NA,NA,NA,NA,NA,NA,NA,NA,NA,NA,NA,NA,NA,NA,NA,NA,NA,NA,NA,NA,NA,NA,NA,NA
MCP3_f - DIP3,8,387584,28,85,83536,21,21,4,10.42208158472717,0.43275246845465537,8.991884886741502,0.4128768397261281,2,0.038789872807007415,0.38916940920539467,0.3767916384028264,0.5525181307279189,0.5581204886233673,542.5106031224735,16.787049333654515,23.02585106669593,22.926997211615515,52.16704372704772,6.789671248751795,0.281925157561493,6.584517521259317,0.3023386997877856,NA,NA,NA,NA,NA,NA,NA,NA,NA,NA,NA,NA,NA,NA,NA,NA,NA,NA,NA,NA,NA,NA,NA,NA,NA,NA,NA,NA,NA,NA,NA,NA,NA,NA,NA,NA,NA,NA,NA,NA,NA,NA,NA,NA
MCP3_f - DIP3,23,218675,29,84,57807,20,21,8,17.39505209692049,0.38709747194446237,18.279536612341857,0.3971211493273941,3,0.14606679381418516,0.1699484052134711,0.18549016843410487,0.31063095092705806,0.3531253589175275,39.75305775793705,29.00082697180445,41.9258631088121,19.068110967206586,56.90308708437411,15.162175520777213,0.33740857920799927,16.10935393996063,0.34997414251954395,NA,NA,NA,NA,NA,NA,NA,NA,NA,NA,NA,NA,0.5049257251083763,55.2538903928525,2168.149069747497,3601.5525128807235,NA,NA,NA,NA,NA,NA,NA,NA,NA,NA,NA,NA,NA,NA,NA,NA,NA,NA,NA,NA,NA,NA,NA,NA,NA,NA,NA,NA
PIP3 - DIP3,2,379341,29,96,93509,20,23,5,10.764313297221689,0.30642080060220667,13.81106871088995,0.3642293816062427,2,0.2680193476789728,0.6321662489328393,0.6821842846914912,0.7198432073165361,0.625599387044668,719.7760641572652,16.574943892535874,30.21791926946829,19.636369762029194,18.682699681156432,6.564909109355374,0.18687905578599256,7.706511915139994,0.2032382958879443,NA,NA,NA,NA,NA,NA,NA,NA,NA,NA,NA,NA,NA,NA,NA,NA,NA,NA,NA,NA,NA,NA,NA,NA,NA,NA,NA,NA,NA,NA,NA,NA,NA,NA,NA,NA,NA,NA,NA,NA,NA,NA,NA,NA
PIP3 - DIP3,3,334623,30,91,87528,21,22,5,10.552350605781056,0.3385387431161277,10.805299932486157,0.36761916825128477,2,0.05058631543336278,0.7433802066265487,0.7211773246727385,0.8111257009870639,0.6276911693756072,898.2065736711605,15.864289975808886,28.545012582435135,20.626873294866293,20.49459711561478,4.93245367900825,0.15824215204289802,7.541139110452093,0.2565655099602376,NA,NA,NA,NA,NA,NA,NA,NA,NA,NA,NA,NA,NA,NA,NA,NA,NA,NA,NA,NA,NA,NA,NA,NA,NA,NA,NA,NA,NA,NA,NA,NA,NA,NA,NA,NA,NA,NA,NA,NA,NA,NA,NA,NA
PIP3 - DIP3,8,497203,32,112,119998,27,28,5,10.940821522027342,0.39211577197297687,11.984346360995607,0.4192485516273249,2,0.21231351218825673,0.5105139935280454,0.539690604190836,0.5974898307946842,0.5198316904708231,581.6938834559985,15.888313895105034,24.58518272703375,24.105227536239326,27.407346776263072,6.913724233296034,0.24778580927301389,10.424754984424371,0.3646893453041494,NA,NA,NA,NA,NA,NA,NA,NA,NA,NA,NA,NA,NA,NA,NA,NA,NA,NA,NA,NA,NA,NA,NA,NA,NA,NA,NA,NA,NA,NA,NA,NA,NA,NA,NA,NA,NA,NA,NA,NA,NA,NA,NA,NA
MCP4_f - PIP4,1,256763,16,48,73332,12,12,10,13.901138618310098,0.6138427917574125,13.688364816596465,0.5845592684273202,2,-0.08899368046604196,0.9215088457390634,0.8718417076080197,0.6805050067300247,0.8248530627787536,503.56663052549817,23.07833843599107,23.6080749202296,15.143550506835775,35.80638587940311,11.22037374045379,0.4954662873679771,11.715484145457458,0.500307738221379,NA,NA,NA,NA,NA,NA,NA,NA,NA,NA,NA,NA,NA,NA,NA,NA,NA,NA,NA,NA,NA,NA,NA,NA,NA,NA,NA,NA,NA,NA,NA,NA,NA,NA,NA,NA,NA,NA,NA,NA,NA,NA,NA,NA
MCP4_f - PIP4,2,388131,24,85,79757,20,21,6,17.22101483160854,0.41258814903131674,17.25527695562083,0.3927938319422781,2,-0.1123607769793655,0.5360089116707721,0.5263181971500988,0.7561888351993766,NA,NA,37.55937120881741,39.573128672093226,NA,NA,12.032689233770279,0.28828411260166226,11.684096620911781,0.26597319163960287,NA,NA,NA,NA,NA,NA,NA,NA,NA,NA,NA,NA,1.0483034203046493,1295.2367973349242,2486.152584372878,3455.159120780828,NA,NA,NA,NA,NA,NA,NA,NA,NA,NA,NA,NA,NA,NA,NA,NA,NA,NA,NA,NA,NA,NA,NA,NA,NA,NA,NA,NA
MCP4_f - PIP4,3,469901,28,92,99161,22,22,5,18.56499929408832,0.47339890908450893,18.62764401829445,0.5139594158923675,2,-0.2920334513730416,0.9913926753918886,1.0413440109170016,0.8572925969511822,NA,NA,33.57124565211143,39.70227280932452,NA,NA,10.627459348155607,0.27099530584732473,12.74122360311427,0.3515458978268704,NA,NA,NA,NA,NA,NA,NA,NA,NA,NA,NA,NA,1.0885024326019503,1380.5052130254487,2069.5405397906034,3276.0763858259343,NA,NA,NA,NA,NA,NA,NA,NA,NA,NA,NA,NA,NA,NA,NA,NA,NA,NA,NA,NA,NA,NA,NA,NA,NA,NA,NA,NA
MCP4_f - PIP4,4,436895,40,108,103115,26,26,4,18.269024161462948,0.6569113817398813,15.840452328320913,0.6003533191410894,3,-0.22636365556938498,0.3774277032131146,0.4193256371395848,0.40463707407678257,0.9614235468626803,138.5134892064295,23.65866547494617,30.32261668417383,17.39575812108559,56.548853496397165,14.427297649629141,0.5187718813018136,15.393248416437476,0.5834042859148039,NA,NA,NA,NA,NA,NA,NA,NA,NA,NA,NA,NA,-0.5066543282093505,-74.88172192736037,1882.1872959664965,3500.3845397209843,NA,NA,NA,NA,NA,NA,NA,NA,NA,NA,NA,NA,NA,NA,NA,NA,NA,NA,NA,NA,NA,NA,NA,NA,NA,NA,NA,NA
MCP4_f - PIP4,5,292296,18,64,75027,16,16,9,15.352267272617087,0.5503533086571633,15.072306865142115,0.5429629872306619,3,-0.146291085736066,0.4982829062847138,0.492041963901785,0.6851978343984106,0.39628429315427677,82.95702998238598,32.11038123798015,28.935729674838623,13.834434967707407,42.32766000670664,12.09118810473712,0.433449031395337,11.747857846484468,0.4232034317613553,NA,NA,NA,NA,NA,NA,NA,NA,NA,NA,NA,NA,0.35868439269120816,77.64787680634655,1148.308293387208,1983.021737732179,NA,NA,NA,NA,NA,NA,NA,NA,NA,NA,NA,NA,NA,NA,NA,NA,NA,NA,NA,NA,NA,NA,NA,NA,NA,NA,NA,NA
MCP4_f - PIP4,7,345097,18,56,74478,14,14,9,11.313206582431576,0.5415501444543638,11.709787163937438,0.5559974198192883,4,0.4737844441201235,22.04920083222308,21.051790452710506,0.991869312295117,1.006647159112932,615.2183140272751,21.609157402311133,24.08184564505794,14.955956193003601,43.068263721674846,6.43322571910622,0.3079510916825047,65.77301787558639,3.122996833382013,28.875404480103782,NA,NA,73.09319610347762,NA,NA,6837897684950833e19,NA,NA,5124563132669527e18,NA,NA,NA,NA,NA,NA,75.87227852806926,73.16486141354606,2532504143623476e99,204264839289399e99,NA,NA,NA,NA,NA,NA,NA,NA,NA,NA,NA,NA,NA,NA,NA,NA,NA,NA,NA,NA,NA,NA,NA,NA
MCP4_f - PIP4,8,334310,36,108,84649,23,26,6,27.32104826213152,0.6053029776918282,25.716777025967218,0.5803810802109874,3,-0.0556411361266871,1.4591373985370395,1.42174659742073,0.8918754183503833,1.4917853072755043,323.1680535609565,38.99917619456195,40.83190256340085,22.944925234244625,55.19159425073586,12.82153832643896,0.2840636000903545,14.585471156154236,0.32916766733434083,NA,NA,NA,NA,NA,NA,NA,NA,NA,NA,NA,NA,-0.29342147444572614,-65.45436598975651,2485.616820910608,3572.5800951482984,NA,NA,NA,NA,NA,NA,NA,NA,NA,NA,NA,NA,NA,NA,NA,NA,NA,NA,NA,NA,NA,NA,NA,NA,NA,NA,NA,NA
MCP4_f - PIP4,9,489399,31,82,135088,18,20,9,17.82198477540908,0.4372760678621592,15.851924431421521,0.41434785732826596,2,-0.13904980607006728,0.9346625709445116,0.9238926119937004,0.9072516824793769,0.9750453718343915,1604.6887594999253,30.99493907657394,38.98516881016776,20.204762991250103,57.21615187946616,7.171743154058132,0.17596421979054888,8.165098987908358,0.21342464034252487,NA,NA,NA,NA,NA,NA,NA,NA,NA,NA,NA,NA,NA,NA,NA,NA,NA,NA,NA,NA,NA,NA,NA,NA,NA,NA,NA,NA,NA,NA,NA,NA,NA,NA,NA,NA,NA,NA,NA,NA,NA,NA,NA,NA
MCP4_f - PIP4,10,395381,18,57,78459,13,14,7,17.76033251020253,0.6125626627718693,20.019418054940324,0.5961952549059548,3,-0.12775368203722184,1.377690908556623,1.31751024416672,0.8110928510980278,0.30107929750561335,69.7192818555635,28.073855680299783,27.12600110437639,17.899038891218243,41.909495238464615,11.484230056924327,0.3960967813813797,16.927086709106177,0.5041030037763922,NA,NA,NA,NA,NA,NA,NA,NA,NA,NA,NA,NA,0.9606174501639558,199.58810458412657,1636.1038420003981,2076.780574076354,NA,NA,NA,NA,NA,NA,NA,NA,NA,NA,NA,NA,NA,NA,NA,NA,NA,NA,NA,NA,NA,NA,NA,NA,NA,NA,NA,NA
MCP4_f - PIP4,11,333087,25,61,88972,14,15,6,16.042002533623165,0.4437803984505641,22.415973533663113,0.4971121023239799,3,-0.34622421838309875,0.8823491957353928,0.9669968574717355,0.8468084153256988,0.48066676828934624,109.78722014343198,29.102157157721475,39.62493263853394,19.80126060374889,54.78088559074418,9.03154406241769,0.24984550490145807,12.312430100653367,0.2730489489051711,NA,NA,NA,NA,NA,NA,NA,NA,NA,NA,NA,NA,0.42268229604685065,100.33018821298478,2086.3422961100487,3393.0341704641073,NA,NA,NA,NA,NA,NA,NA,NA,NA,NA,NA,NA,NA,NA,NA,NA,NA,NA,NA,NA,NA,NA,NA,NA,NA,NA,NA,NA
MCP4_f - PIP4,12,169419,14,35,35167,8,8,7,12.208571101654218,0.47906144942890044,17.76733296817107,0.6942416905995457,4,0.15387835334560432,1.3203975173240143,1.249781024526278,0.8779072609484314,1.3567925074871539,202.6551804323437,27.354516606833027,32.4360115082949,16.896316575874465,56.02057741333172,8.60843300883017,0.3377928801154288,18.211472567302383,0.7115960243487639,NA,NA,NA,NA,NA,NA,NA,NA,NA,NA,NA,NA,-0.5513866739513422,-82.31865286529639,1884.9711931777445,3423.7889224696823,NA,NA,NA,NA,NA,NA,NA,NA,0.5100708335458323,110.76543630003096,15788623090661037e70,4091311404375643e70,NA,NA,NA,NA,NA,NA,NA,NA,NA,NA,NA,NA,NA,NA,NA,NA
MCP4_f - PIP4,13,261259,19,49,86656,12,12,11,18.401311546129936,0.48748604692886904,19.908758357020144,0.532577944938924,2,-0.2171609794907966,1.4074638342809156,1.3805267580066618,0.8957273517766785,1.2134087672095226,787.663424619784,30.562381022530918,39.42276665138581,19.7713677931211,59.338261722249285,8.90547683480257,0.23592316707053199,16.245962453271392,0.43459472166767643,NA,NA,NA,NA,NA,NA,NA,NA,NA,NA,NA,NA,NA,NA,NA,NA,NA,NA,NA,NA,NA,NA,NA,NA,NA,NA,NA,NA,NA,NA,NA,NA,NA,NA,NA,NA,NA,NA,NA,NA,NA,NA,NA,NA
MCP4_f - PIP4,16,379962,19,55,87069,13,13,4,17.355227146721077,0.5765519235992749,19.5842393205506,0.5290327543451109,3,-0.33345671721511855,1.3035833667420569,1.346187726824226,0.8592989080517398,0.4172058240841362,85.01135730349459,27.19717215261286,31.510583012614045,18.922426099058736,47.22364419413793,9.327841705223427,0.30987696287179795,11.883883450274418,0.32102158736478303,NA,NA,NA,NA,NA,NA,NA,NA,NA,NA,NA,NA,0.7333441999569464,146.02275394692916,1744.5222506207608,2588.129838096193,NA,NA,NA,NA,NA,NA,NA,NA,NA,NA,NA,NA,NA,NA,NA,NA,NA,NA,NA,NA,NA,NA,NA,NA,NA,NA,NA,NA
MCP4_f - PIP4,17,249715,14,36,58827,7,8,4,14.637489898791333,0.550434338129512,11.9326201063644,0.4646617745289817,3,-0.3355939116949077,1.764744762449725,1.7512537873324412,0.9322471279579234,0.46242215537695414,98.84421057669567,20.599676882381246,26.27422354500697,19.37450778008792,50.46128037394593,5.57267592286526,0.20955725362897717,8.002903785842102,0.31163679404582034,NA,NA,NA,NA,NA,NA,NA,NA,NA,NA,NA,NA,0.6999430211752643,153.1041475296565,2009.4410796319055,2921.71086549881,NA,NA,NA,NA,NA,NA,NA,NA,NA,NA,NA,NA,NA,NA,NA,NA,NA,NA,NA,NA,NA,NA,NA,NA,NA,NA,NA,NA
MCP4_f - PIP4,19,203148,13,36,59014,6,8,13,7.604449517484324,0.4510016057765632,9.474169695548879,0.5766347341309327,2,-0.3574780708184292,2.537814420921637,2.4705352793606954,0.9384336417495971,1.2277917065101527,718.275120795409,14.117609659808197,15.29162723136513,17.166249529878357,33.71605889205981,4.0651189983865725,0.24109242775954004,12.77108466152466,0.7772977733153493,NA,NA,NA,NA,NA,NA,NA,NA,NA,NA,NA,NA,NA,NA,NA,NA,NA,NA,NA,NA,NA,NA,NA,NA,NA,NA,NA,NA,NA,NA,NA,NA,NA,NA,NA,NA,NA,NA,NA,NA,NA,NA,NA,NA
MCP4_f - PIP4,20,296037,19,55,88344,12,13,4,21.690194540369852,0.6334246993624169,20.02494655612479,0.5660614620627942,3,-0.1350914606118109,0.6807498086898451,0.6631740263997733,0.6874381462978955,0.5151850631553395,133.2626105135602,35.54921559055993,33.681842632643,17.836477623522402,31.401505234332575,15.116321881426353,0.4414460933205047,16.51315157193245,0.46679069508995114,NA,NA,NA,NA,NA,NA,NA,NA,NA,NA,NA,NA,0.460153131830456,111.55678078553575,1310.32496430412,1304.1933903334889,NA,NA,NA,NA,NA,NA,NA,NA,NA,NA,NA,NA,NA,NA,NA,NA,NA,NA,NA,NA,NA,NA,NA,NA,NA,NA,NA,NA
MCP4_f - PIP4,21,564520,35,106,154012,24,26,10,17.15055312723551,0.4496265682636217,18.229299909486173,0.4500765905448903,2,-0.21120873320791514,1.0480769020038225,1.0627759455325183,0.8764642095241901,0.8953749914705893,1341.166744686259,29.200937814997076,40.65629807029169,15.948593171066305,54.24853340167965,8.089133408604841,0.2120683378404757,10.444589674290958,0.2578741549914927,NA,NA,NA,NA,NA,NA,NA,NA,NA,NA,NA,NA,NA,NA,NA,NA,NA,NA,NA,NA,NA,NA,NA,NA,NA,NA,NA,NA,NA,NA,NA,NA,NA,NA,NA,NA,NA,NA,NA,NA,NA,NA,NA,NA
MCP4_f - PIP4,22,651891,34,116,149431,27,29,7,17.8720570032356,0.39988145591959157,18.33688281215828,0.39064501403730756,3,0.044301455814176764,1.1895907107696884,1.1566074597196478,0.8603401420141971,0.6696292873321905,207.29159982050464,30.167850943381545,43.03668292181016,19.951241766410515,58.34935507440252,9.697292224679522,0.21697375587938994,11.494185151645551,0.24486965237814545,NA,NA,NA,NA,NA,NA,NA,NA,NA,NA,NA,NA,0.42754072878997595,137.51414367288908,2156.083977654649,3802.6986750091005,NA,NA,NA,NA,NA,NA,NA,NA,NA,NA,NA,NA,NA,NA,NA,NA,NA,NA,NA,NA,NA,NA,NA,NA,NA,NA,NA,NA
MCP4_f - DIP4,12,148890,12,37,40639,9,9,9,12.542854914557436,0.2608872834525328,14.686982368705756,0.30794168783496895,2,-0.4530413954108758,2.225641638822026,2.2455997613980587,0.8467657953970334,-1.3590177878951977,-383.6160394943731,20.041063872274826,44.90585883021491,19.788282071796427,52.61486336670533,10.087123417743426,0.20980887080589855,10.8607716495405,0.22771759841394862,NA,NA,NA,NA,NA,NA,NA,NA,NA,NA,NA,NA,NA,NA,NA,NA,NA,NA,NA,NA,NA,NA,NA,NA,NA,NA,NA,NA,NA,NA,NA,NA,NA,NA,NA,NA,NA,NA,NA,NA,NA,NA,NA,NA
MCP4_f - DIP4,17,241300,14,44,84282,9,11,4,8.7285477895025,0.456692259300266,9.907324503949779,0.5443948792212797,2,-0.1437268341328421,0.39672033561192394,0.3890891796175103,0.40296829743395407,NA,NA,12.5688361954257,20.28620414239145,NA,NA,7.354146802555924,0.3847812946071435,8.273136830427974,0.4545983452733779,NA,NA,NA,NA,NA,NA,NA,NA,NA,NA,NA,NA,-0.7173810610449931,-337.66968615235743,2030.1219738680745,3330.8317330523796,NA,NA,NA,NA,NA,NA,NA,NA,NA,NA,NA,NA,NA,NA,NA,NA,NA,NA,NA,NA,NA,NA,NA,NA,NA,NA,NA,NA
CMC5 - MCP5_f,1,373757,19,60,111510,13,15,13,13.30675270314181,0.30527639567889747,12.752451368133832,0.30206021004131967,3,0.028947917373127505,0.9340009592380772,0.8857880305577033,0.6352580991167128,1.4653839792835757,295.11339384127143,19.376084999367457,43.77377075796992,2.2611329698257254,3.595417731134269,10.643821112664805,0.24418484494403223,9.824316909355932,0.2327031206382718,NA,NA,NA,NA,NA,NA,NA,NA,NA,NA,NA,NA,-0.8059013902298497,-176.66257023120724,20.72578824994002,18.039737289319213,NA,NA,NA,NA,NA,NA,NA,NA,NA,NA,NA,NA,NA,NA,NA,NA,NA,NA,NA,NA,NA,NA,NA,NA,NA,NA,NA,NA
CMC5 - MCP5_f,2,195688,21,66,43995,16,16,4,13.324432297778085,0.21659571105532424,14.462063852728322,0.2338156545101587,3,0.20038662136349686,0.875711287690261,0.8742094035467592,0.7134838415354207,1.928695188797675,302.26176744699967,20.434921878941367,59.0422795600868,3.123752970064295,4.407120832189446,9.644367438132798,0.15677430574580864,10.820258960262649,0.17493671418730022,NA,NA,NA,NA,NA,NA,NA,NA,NA,NA,NA,NA,-0.7966887124529825,-127.03784831431445,35.04378291450801,29.180496783267678,NA,NA,NA,NA,NA,NA,NA,NA,NA,NA,NA,NA,NA,NA,NA,NA,NA,NA,NA,NA,NA,NA,NA,NA,NA,NA,NA,NA
CMC5 - MCP5_f,3,302662,25,76,72537,17,18,4,13.312961224654163,0.21437438855878008,14.99804856050108,0.23863267601471388,3,0.4332729308809219,0.5806794298999497,0.7452244588962169,0.6625927661957303,1.5793255529684143,360.8520049494558,19.8818165672699,57.787356135934544,2.462865227095355,4.879407520001897,9.228918472719112,0.14861034455535907,11.36942931287068,0.1808980235492594,NA,NA,NA,NA,NA,NA,NA,NA,NA,NA,NA,NA,-0.9565791495048047,-238.8132349514287,28.25949506984885,29.874302831901502,NA,NA,NA,NA,NA,NA,NA,NA,NA,NA,NA,NA,NA,NA,NA,NA,NA,NA,NA,NA,NA,NA,NA,NA,NA,NA,NA,NA
CMC5 - MCP5_f,6,195813,18,50,46347,11,12,8,10.059160584666891,0.2352102705594186,14.484692552294648,0.342518233713226,3,0.4923452440231741,0.6780818225451164,0.8828502918282971,0.7850170837506493,1.0827943102490292,292.60474075796606,20.66510286475726,39.24127245837281,2.014795671549259,2.9598257375881483,7.990829118761011,0.18684710947778338,9.638136085671347,0.22791214493737233,NA,NA,NA,NA,NA,NA,NA,NA,NA,NA,NA,NA,-0.38591092468849986,-100.03073209667679,14.466042645464551,12.819949263971134,NA,NA,NA,NA,NA,NA,NA,NA,NA,NA,NA,NA,NA,NA,NA,NA,NA,NA,NA,NA,NA,NA,NA,NA,NA,NA,NA,NA
CMC5 - MCP5_f,12,206682,23,71,52748,17,17,10,11.15160208081556,0.17537584010018545,9.54871238862458,0.1449686982835497,3,0.17438349224675959,0.6626987065784354,0.6643661284954576,0.6032519749193017,0.7623496556209303,158.7177639300303,16.16365459957409,60.68147314716019,1.616145831464099,2.3243786039735332,7.922157667551964,0.1245879333107842,7.148638644668451,0.10853074180469056,NA,NA,NA,NA,NA,NA,NA,NA,NA,NA,NA,NA,-0.3323080420481704,-66.36080585351851,9.340429664430841,8.014650605748209,NA,NA,NA,NA,NA,NA,NA,NA,NA,NA,NA,NA,NA,NA,NA,NA,NA,NA,NA,NA,NA,NA,NA,NA,NA,NA,NA,NA
CMC5 - MCP5_f,18,234246,16,51,52831,11,12,6,11.537139754304546,0.19730559011187934,8.030883485468424,0.1186056857930337,3,0.05632604747371567,0.6348031277744913,0.5983189568981584,0.7285051964543809,1.0935509366169958,368.9031716454117,20.26425289372233,54.44775289831619,2.1458476637972588,3.0567715448207458,7.392117061929614,0.1264183367923528,8.782377972144985,0.12970428025318712,NA,NA,NA,NA,NA,NA,NA,NA,NA,NA,NA,NA,-0.6144809376430367,-211.23283126616772,17.203167411602784,13.948494816071829,NA,NA,NA,NA,NA,NA,NA,NA,NA,NA,NA,NA,NA,NA,NA,NA,NA,NA,NA,NA,NA,NA,NA,NA,NA,NA,NA,NA
MCP5_f - PIP5,1,368850,16,56,102667,11,13,6,5.633256812547459,0.509396033076738,4.103712607285776,0.3976669522045249,2,-0.1478137372640882,0.5232884849239661,0.5124588144923029,0.737037113999786,0.5168448948449232,640.233007136128,12.479564754414351,11.949288371539417,18.402673575592637,42.43843278370918,3.7037193657589875,0.33491460008441176,3.255358912630917,0.3154579233495584,NA,NA,NA,NA,NA,NA,NA,NA,NA,NA,NA,NA,NA,NA,NA,NA,NA,NA,NA,NA,NA,NA,NA,NA,NA,NA,NA,NA,NA,NA,NA,NA,NA,NA,NA,NA,NA,NA,NA,NA,NA,NA,NA,NA
MCP5_f - PIP5,2,187635,19,56,47408,14,14,5,10.507840327556908,0.4927261095975735,10.534695749225238,0.5201470626283754,3,-0.19114335522323161,0.4678282077826178,0.47979516124588384,0.5946677703123059,-0.6979494896701373,-78.55259337085911,19.653631630737813,21.051032862627025,20.456706409163512,56.173663493369986,8.130011882566919,0.3812266841716099,9.361923447639706,0.4622418243260261,NA,NA,NA,NA,NA,NA,NA,NA,NA,NA,NA,NA,1.5464327862275904,179.15664470742408,2341.990804125126,3573.9550771064078,NA,NA,NA,NA,NA,NA,NA,NA,NA,NA,NA,NA,NA,NA,NA,NA,NA,NA,NA,NA,NA,NA,NA,NA,NA,NA,NA,NA
MCP5_f - PIP5,3,307616,25,76,74513,17,18,6,8.888921275274111,0.4682241777567364,11.083088809891283,0.4999951847828576,3,-0.21184195925400234,0.9365873203343703,0.9440186853606463,0.8529964641214072,NA,NA,19.405091079833486,19.58745089124756,NA,NA,5.505554111693066,0.290005217417477,7.673694972344408,0.3461860318434338,NA,NA,NA,NA,NA,NA,NA,NA,NA,NA,NA,NA,0.6462203635905458,746.2944052931989,2123.4638828218667,3961.788296233557,NA,NA,NA,NA,0.49546101473198545,383.5829251010384,3348823266586938e33,817117858650176e33,NA,NA,NA,NA,NA,NA,NA,NA,NA,NA,NA,NA,NA,NA,NA,NA,NA,NA,NA,NA
MCP5_f - PIP5,5,291746,15,47,62648,9,11,9,7.236882362137443,0.46950255851936185,6.124429203503126,0.37218267583961323,2,-0.19856443453520048,0.5886006563781767,0.5887903331740032,0.7781041049533691,NA,NA,14.142091188668585,16.594825227558985,NA,NA,4.4277678205144015,0.2872574426713789,6.508537131931614,0.395524984463567,NA,NA,NA,NA,NA,NA,NA,NA,NA,NA,NA,NA,0.7611691374047084,845.4988084886897,1915.6833826247312,3505.5790595209032,NA,NA,NA,NA,NA,NA,NA,NA,NA,NA,NA,NA,NA,NA,NA,NA,NA,NA,NA,NA,NA,NA,NA,NA,NA,NA,NA,NA
MCP5_f - PIP5,6,371358,18,52,95380,12,12,10,3.711274835329099,0.559645399913296,3.3146916053655904,0.6298861255963483,6,-0.003216397304538721,0.9842923949340244,0.9296922899022159,0.894026420406954,NA,NA,7.3215487650000455,5.121236647066,NA,NA,1.8826859366082767,0.28390150841815665,2.540475431261103,0.48276292852688324,0.9445799679525414,NA,NA,35.00270215102721,NA,NA,4704975384756715e22,NA,NA,3542588641323122e21,NA,NA,0.6374431961114413,897.2409923277551,1723.4636383586767,1467.7988339573626,2.3409645455366714,35.68862953613808,13144861308210322e102,18076059756060064e100,0.3578964388856861,170.21121191012523,4927840838993752e32,5720177940529437e31,NA,NA,NA,NA,NA,NA,NA,NA,NA,NA,NA,NA,NA,NA,NA,NA,0.5420931958222496,642.7692050724196,695713.9408056899,940131.5569485964
MCP5_f - PIP5,7,407332,23,62,89111,14,15,7,5.715610032480407,0.581836263977514,6.227326601072895,0.583412992927658,2,-0.1732620844195713,1.0923471910264497,1.0748892073845175,0.9150526920527117,0.6060662161242895,890.7638301200088,8.628084421686028,10.48752199751295,16.445776682444787,57.070192549963465,2.03006850748677,0.20665641450382827,2.237759054195509,0.20964657723817448,NA,NA,NA,NA,NA,NA,NA,NA,NA,NA,NA,NA,NA,NA,NA,NA,NA,NA,NA,NA,NA,NA,NA,NA,NA,NA,NA,NA,NA,NA,NA,NA,NA,NA,NA,NA,NA,NA,NA,NA,NA,NA,NA,NA
MCP5_f - PIP5,8,228491,23,70,47996,17,17,4,7.859111461720309,0.5530972693455981,6.80424224850137,0.4906521168877215,2,-0.19169439140243907,0.729906238219391,0.7349156337816295,0.8945168686615576,0.5499707460035608,709.9530232218572,11.229469696664708,14.592402377272794,17.17336284468687,63.276302764303466,2.3066649145420492,0.1623351535021032,2.319886187450366,0.16728638211871538,NA,NA,NA,NA,NA,NA,NA,NA,NA,NA,NA,NA,NA,NA,NA,NA,NA,NA,NA,NA,NA,NA,NA,NA,NA,NA,NA,NA,NA,NA,NA,NA,NA,NA,NA,NA,NA,NA,NA,NA,NA,NA,NA,NA
MCP5_f - PIP5,9,129682,10,34,27326,8,8,5,8.628807748894046,0.4634887136442554,7.491136817478319,0.5601425375371173,3,-0.33697348940897864,0.9826002143936171,0.9978846587155029,0.8904532288630537,-0.7447711836113065,-81.88056428824937,11.158961714863166,21.709424409756203,15.439565660862558,66.29314855445926,2.5169469588238527,0.13519556145002865,7.162037867188429,0.5355344806283084,NA,NA,NA,NA,NA,NA,NA,NA,NA,NA,NA,NA,1.3370387175643,150.1745631787267,1953.912360941031,4633.15989486944,NA,NA,NA,NA,NA,NA,NA,NA,NA,NA,NA,NA,NA,NA,NA,NA,NA,NA,NA,NA,NA,NA,NA,NA,NA,NA,NA,NA
MCP5_f - PIP5,10,357093,23,71,94991,16,17,5,10.601619426377987,0.5612311182164398,9.135300304497019,0.4805342670941967,2,-0.2926644704946432,0.5577162092774104,0.6191375517252735,0.714199985389514,NA,NA,20.939307351861032,20.624277092721588,NA,NA,7.654712807907444,0.40522705598340236,7.616805209315957,0.4006585209964181,NA,NA,NA,NA,NA,NA,NA,NA,NA,NA,NA,NA,0.6177525100364032,629.2693438581933,2322.118710071163,3612.656451927469,NA,NA,NA,NA,NA,NA,NA,NA,NA,NA,NA,NA,NA,NA,NA,NA,NA,NA,NA,NA,NA,NA,NA,NA,NA,NA,NA,NA
MCP5_f - PIP5,11,213461,18,46,50529,10,11,5,7.2984912685612695,0.41480164977845557,7.315149963482692,0.446873469525245,2,-0.24374033832546202,0.5147266797562019,0.5455469641850221,0.8546933744879981,0.5158525053395798,582.7211681673737,17.17699745287496,17.35983754374333,20.437448032055354,56.73538144660649,3.708597246613807,0.21077400789471548,8.281441860863755,0.5059030471705986,NA,NA,NA,NA,NA,NA,NA,NA,NA,NA,NA,NA,NA,NA,NA,NA,NA,NA,NA,NA,NA,NA,NA,NA,NA,NA,NA,NA,NA,NA,NA,NA,NA,NA,NA,NA,NA,NA,NA,NA,NA,NA,NA,NA
MCP5_f - PIP5,12,232245,20,56,71906,14,14,7,8.141443935633092,0.602582287375607,10.229375917563196,0.6936863126948678,2,-0.13329514416309643,0.7117076410639327,0.6938979806467874,0.8601956065038763,NA,NA,13.230021333831862,14.530463381866985,NA,NA,3.2822296615342124,0.2429315331255858,6.987268169527691,0.47382873905415235,NA,NA,NA,NA,NA,NA,NA,NA,NA,NA,NA,NA,0.41839379270190696,466.60090883409134,1879.6039416572698,4057.24789394823,NA,NA,NA,NA,NA,NA,NA,NA,NA,NA,NA,NA,NA,NA,NA,NA,NA,NA,NA,NA,NA,NA,NA,NA,NA,NA,NA,NA
MCP5_f - PIP5,13,70923,8,20,29541,5,5,4,6.642035418770519,0.22104098800411995,12.449874673437593,0.5141837681526675,2,-0.3425190328936912,0.7161929046029158,0.7440023043246894,0.9705021475051219,NA,NA,15.624414299538119,31.06762177871865,NA,NA,1.8039288144545467,0.06003313476909212,9.509317299643437,0.39273781704181115,NA,NA,NA,NA,NA,NA,NA,NA,NA,NA,NA,NA,0.37430604286157015,571.7412318659123,1625.5407589725805,5654.73464203303,NA,NA,NA,NA,NA,NA,NA,NA,NA,NA,NA,NA,NA,NA,NA,NA,NA,NA,NA,NA,NA,NA,NA,NA,NA,NA,NA,NA
MCP5_f - PIP5,16,118747,9,23,27886,5,5,5,4.537028679521645,0.23634241599096506,5.600705873552526,0.3388243455479894,2,-0.11565977191826382,0.8975675475478565,0.8112229349300756,0.9341834447654422,NA,NA,14.712097877860112,16.406182756180666,NA,NA,2.5339201948169543,0.1319967016021766,7.075315494868585,0.4280333936861065,NA,NA,NA,NA,NA,NA,NA,NA,NA,NA,NA,NA,0.5450409553350056,642.1106890963127,2325.701871800705,3632.963293117644,NA,NA,NA,NA,NA,NA,NA,NA,NA,NA,NA,NA,NA,NA,NA,NA,NA,NA,NA,NA,NA,NA,NA,NA,NA,NA,NA,NA
MCP5_f - PIP5,17,197290,13,42,62011,9,10,5,6.560468299382214,0.39490349428859184,5.019590581041,0.29100181648762363,2,-0.2895048895626219,1.1891246506743811,1.1814701460952919,0.9185504534547064,NA,NA,10.009228807125341,18.335292434142936,NA,NA,2.3522166184055378,0.14159028281860833,3.03661928654172,0.17604259034642855,NA,NA,NA,NA,NA,NA,NA,NA,NA,NA,NA,NA,0.5799586707933466,673.7136404467601,2156.0688995935325,4305.913104211955,NA,NA,NA,NA,NA,NA,NA,NA,NA,NA,NA,NA,NA,NA,NA,NA,NA,NA,NA,NA,NA,NA,NA,NA,NA,NA,NA,NA
MCP5_f - PIP5,18,292396,16,46,78495,10,11,7,4.067025821533555,0.3637043063199028,4.1813492288442795,0.3910149718396711,2,-0.2916991424389701,0.7855817623728735,0.8215370312524172,0.8976251784671918,0.6809563317014338,988.3377350110354,10.226262208954724,12.455968467470756,20.644553796968143,51.664947332272234,2.429077588366513,0.21722654786119264,2.868996160413428,0.2682914991011767,NA,NA,NA,NA,NA,NA,NA,NA,NA,NA,NA,NA,NA,NA,NA,NA,NA,NA,NA,NA,NA,NA,NA,NA,NA,NA,NA,NA,NA,NA,NA,NA,NA,NA,NA,NA,NA,NA,NA,NA,NA,NA,NA,NA
MCP5_f - PIP5,19,416157,22,66,116481,15,16,4,6.622827849026481,0.6529022328638507,5.4746900595248835,0.618303885182167,2,-0.30431217144407874,0.8759009559319743,0.9286819414517176,0.8600280189098012,0.6883253526190591,801.6276952810562,9.203146284070492,10.492727054216958,20.521720845152522,45.00223333553308,2.6552391886251567,0.2617630466260414,2.2888767084841453,0.25850255378320647,NA,NA,NA,NA,NA,NA,NA,NA,NA,NA,NA,NA,NA,NA,NA,NA,NA,NA,NA,NA,NA,NA,NA,NA,NA,NA,NA,NA,NA,NA,NA,NA,NA,NA,NA,NA,NA,NA,NA,NA,NA,NA,NA,NA
MCP5_f - PIP5,20,344740,20,61,71809,14,15,5,10.36068567859821,0.5697878422701201,10.94725993544248,0.5556338760218027,4,0.09846025972326797,0.4211265165484659,0.4097980975012688,0.4877427897205465,0.5320210981343186,134.80616648906542,17.73462393300551,14.624664967512762,24.88505766006789,35.778102990171064,8.486518329827716,0.46671765919189595,9.683493094438695,0.49149073222183043,NA,NA,NA,NA,NA,NA,NA,NA,NA,NA,NA,NA,0.45947204491161486,117.1927281099646,2021.1646830210796,1899.3369519922478,NA,NA,NA,NA,NA,NA,NA,NA,0.5056570827593908,193.40066342710492,1394202964915619e70,3361916678564904e69,NA,NA,NA,NA,NA,NA,NA,NA,NA,NA,NA,NA,NA,NA,NA,NA
MCP5_f - PIP5,21,299845,19,50,90105,11,12,4,7.0127696171780345,0.39761358570768185,8.721211502792134,0.5537162713283934,2,-0.24190174743095105,0.7985147934330415,0.8149872351398685,0.8410537962831676,NA,NA,11.308180805573972,18.473446875605916,NA,NA,3.0137954565795084,0.1708777107328259,5.13948955981501,0.3263100539048814,NA,NA,NA,NA,NA,NA,NA,NA,NA,NA,NA,NA,0.6291506739799385,759.3683052522975,1997.5314257927892,4840.589633091818,NA,NA,NA,NA,NA,NA,NA,NA,NA,NA,NA,NA,NA,NA,NA,NA,NA,NA,NA,NA,NA,NA,NA,NA,NA,NA,NA,NA
MCP5_f - PIP5,22,194620,18,47,35577,11,11,5,6.788442279013913,0.33659594334511456,16.473285429949684,1.0173280530352327,2,-0.24416898546435056,0.647473635752192,0.6711357239341953,0.8120728002545536,NA,NA,17.072790326747764,21.23441330701976,NA,NA,4.536034318378753,0.22491326989117363,5.0495453749491395,0.31184090064211084,NA,NA,NA,NA,NA,NA,NA,NA,NA,NA,NA,NA,0.5165271833979523,529.0646380466918,2120.2407024983772,4289.71984046174,NA,NA,NA,NA,NA,NA,NA,NA,NA,NA,NA,NA,NA,NA,NA,NA,NA,NA,NA,NA,NA,NA,NA,NA,NA,NA,NA,NA
MCP5_f - PIP5,23,100401,13,29,28259,7,7,4,7.788793019346752,0.44234005516605734,8.691446788058782,0.4175951911115576,2,0.10974957625063918,0.935375368948147,0.8755031629597527,0.8293739212404365,0.6571942552040615,375.68893426409176,9.75392562122695,15.954595028076413,18.857672828843864,63.32830345796145,2.9507136889331695,0.16757652343564367,4.353660143779141,0.20917893005731486,NA,NA,NA,NA,NA,NA,NA,NA,NA,NA,NA,NA,NA,NA,NA,NA,NA,NA,NA,NA,NA,NA,NA,NA,NA,NA,NA,NA,NA,NA,NA,NA,NA,NA,NA,NA,NA,NA,NA,NA,NA,NA,NA,NA
CMC5 - PIP5,2,239527,21,68,49809,16,17,5,15.813716971226844,0.6611244871736435,17.54896856172658,0.6794092536558818,3,0.17599941912460879,1.1398289512016186,1.1165937228855778,0.762992071692628,1.452229942427662,276.78217211611025,21.75343816630964,24.713039947572998,2.949869361614289,4.712873825361687,10.240522021459293,0.42812577726958234,14.308853058344159,0.5539680091651391,NA,NA,NA,NA,NA,NA,NA,NA,NA,NA,NA,NA,-0.3178950476367556,-60.9842802878058,33.6724145877774,30.91287261556675,NA,NA,NA,NA,NA,NA,NA,NA,NA,NA,NA,NA,NA,NA,NA,NA,NA,NA,NA,NA,NA,NA,NA,NA,NA,NA,NA,NA
CMC5 - PIP5,3,423452,23,80,106805,20,20,6,13.503030922135073,0.5126826664034277,13.695459404851578,0.5326302555365158,3,0.006326316686319056,0.6410828146149448,0.6132719259046321,0.6051745299968085,1.1362926219029426,282.68512620234964,20.0502772628416,25.402822777896116,2.711747285025019,5.519582344726822,9.80049211513284,0.3721047858533381,13.069831694336827,0.508298961676877,NA,NA,NA,NA,NA,NA,NA,NA,NA,NA,NA,NA,-0.4983559448709091,-125.42609453822078,34.684869574933,37.819345232282764,NA,NA,NA,NA,NA,NA,NA,NA,NA,NA,NA,NA,NA,NA,NA,NA,NA,NA,NA,NA,NA,NA,NA,NA,NA,NA,NA,NA
MCP5_f - DIP5,6,324513,16,44,67906,11,11,8,8.88741863862481,0.3478101670714944,12.64382953611631,0.43706919841672304,3,-0.06579127104347451,0.6084173577218135,0.5747496651856188,0.6671675554234031,-1.2656315010359664,-404.3397043108032,13.431440332193091,25.883708297214092,23.016591312329712,28.672556687450996,5.477382034746235,0.21435798605682346,7.994728594793526,0.2763600702227561,NA,NA,NA,NA,NA,NA,NA,NA,NA,NA,NA,NA,0.6512452528921083,214.56959908772652,1654.0477330993938,1351.8773501462172,NA,NA,NA,NA,NA,NA,NA,NA,NA,NA,NA,NA,NA,NA,NA,NA,NA,NA,NA,NA,NA,NA,NA,NA,NA,NA,NA,NA
MCP5_f - DIP5,14,255430,19,48,64876,12,12,4,12.59888479481415,0.4739310970573315,14.304052781307144,0.5272922373017259,3,0.08063778673384515,0.6137306603295795,0.5879581367970874,0.6916371649293259,-1.2816482386825205,-388.22337670572443,17.755556038395532,25.868256050732402,23.440032284497242,28.15464380320399,6.769686571954798,0.25465468063502134,8.832977573684756,0.32561125004731595,NA,NA,NA,NA,NA,NA,NA,NA,NA,NA,NA,NA,0.6488067927227275,202.74601836254797,1751.9522454424862,1342.116930163272,NA,NA,NA,NA,NA,NA,NA,NA,NA,NA,NA,NA,NA,NA,NA,NA,NA,NA,NA,NA,NA,NA,NA,NA,NA,NA,NA,NA
CMC5 - DIP5,6,211128,20,60,49405,14,14,10,9.379244969515732,0.4384522099257958,9.447809366383646,0.39895465095873534,3,0.031951662506569334,1.066513932114111,1.0142565719014167,0.7313840334875802,-0.9424527577497663,-214.69904517639628,12.503376708983444,18.7588810837325,1.835559944430981,2.770979219048232,5.405680869847579,0.2526997355588468,7.082879123269416,0.2990902397397206,NA,NA,NA,NA,NA,NA,NA,NA,NA,NA,NA,NA,0.5891371766465665,128.15945020524532,12.35449146872533,11.047590183524454,NA,NA,NA,NA,NA,NA,NA,NA,NA,NA,NA,NA,NA,NA,NA,NA,NA,NA,NA,NA,NA,NA,NA,NA,NA,NA,NA,NA
CMC5 - DIP5,12,175163,22,53,53542,13,13,4,15.833686318520737,0.5304530361735008,15.863366544444107,0.5089950275168358,3,0.2419887763488681,1.139259290719352,1.1460935010037367,0.7561090735626869,-1.2011337230347703,-261.6600213216987,17.486962422093693,24.300378386578114,1.8798633878148256,2.6682049870544655,8.114455252654809,0.27184682954278,8.583067756940846,0.27539796151612306,NA,NA,NA,NA,NA,NA,NA,NA,NA,NA,NA,NA,0.5069137265386658,107.1958711805335,12.881579704035447,10.65318403494405,NA,NA,NA,NA,NA,NA,NA,NA,NA,NA,NA,NA,NA,NA,NA,NA,NA,NA,NA,NA,NA,NA,NA,NA,NA,NA,NA,NA
CMC5 - DIP5,20,254772,20,56,42184,14,14,8,19.34229548001246,0.40984677834723404,18.44865633519129,0.37167756595254153,3,-0.057359667419256036,0.5970356227063376,0.5705259308261434,0.5443196616237226,-1.239446565647894,-251.25311794027954,25.51613271299367,46.09351069784755,1.9899652741541525,2.096552306866287,13.934949148128094,0.29526971194781654,18.036423140942087,0.3633724716703569,NA,NA,NA,NA,NA,NA,NA,NA,NA,NA,NA,NA,0.5105493357142133,100.51573553252416,14.51584029399938,8.355477824606412,NA,NA,NA,NA,NA,NA,NA,NA,NA,NA,NA,NA,NA,NA,NA,NA,NA,NA,NA,NA,NA,NA,NA,NA,NA,NA,NA,NA
